Front	Back	Tags
私 (わたし)	I, me	N5 vocabulary N5-M01-L01
あなた (あなた)	you	N5 vocabulary N5-M01-L01
名前 (なまえ)	name	N5 vocabulary N5-M01-L01
学生 (がくせい)	student	N5 vocabulary N5-M01-L01
先生 (せんせい)	teacher	N5 vocabulary N5-M01-L01
会社員 (かいしゃいん)	company employee	N5 vocabulary N5-M01-L01
友達 (ともだち)	friend	N5 vocabulary N5-M01-L01
日本人 (にほんじん)	Japanese person	N5 vocabulary N5-M01-L01
～さん (～さん)	Mr./Ms. (polite suffix)	N5 vocabulary N5-M01-L01
はじめまして (はじめまして)	Nice to meet you (first meeting)	N5 vocabulary N5-M01-L01
零 / ゼロ (れい / ゼロ)	zero	N5 vocabulary N5-M01-L02
一 (いち)	one	N5 vocabulary N5-M01-L02
二 (に)	two	N5 vocabulary N5-M01-L02
三 (さん)	three	N5 vocabulary N5-M01-L02
四 (し / よん)	four	N5 vocabulary N5-M01-L02
五 (ご)	five	N5 vocabulary N5-M01-L02
六 (ろく)	six	N5 vocabulary N5-M01-L02
七 (しち / なな)	seven	N5 vocabulary N5-M01-L02
八 (はち)	eight	N5 vocabulary N5-M01-L02
九 (く / きゅう)	nine	N5 vocabulary N5-M01-L02
十 (じゅう)	ten	N5 vocabulary N5-M01-L02
百 (ひゃく)	one hundred	N5 vocabulary N5-M01-L02
千 (せん)	one thousand	N5 vocabulary N5-M01-L02
万 (まん)	ten thousand	N5 vocabulary N5-M01-L02
～時 (～じ)	o'clock (hours)	N5 vocabulary N5-M01-L02
～分 (～ふん / ～ぷん)	minutes	N5 vocabulary N5-M01-L02
半 (はん)	half (30 minutes)	N5 vocabulary N5-M01-L02
今 (いま)	now	N5 vocabulary N5-M01-L02
午前 (ごぜん)	AM (before noon)	N5 vocabulary N5-M01-L02
午後 (ごご)	PM (after noon)	N5 vocabulary N5-M01-L02
何時 (なんじ)	what time	N5 vocabulary N5-M01-L02
何分 (なんぷん)	what minute	N5 vocabulary N5-M01-L02
これ (これ)	this (thing)	N5 vocabulary N5-M01-L02
それ (それ)	that (thing)	N5 vocabulary N5-M01-L02
あれ (あれ)	that (thing over there)	N5 vocabulary N5-M01-L02
どれ (どれ)	which (thing)	N5 vocabulary N5-M01-L02
この (この)	this ~	N5 vocabulary N5-M01-L02
その (その)	that ~	N5 vocabulary N5-M01-L02
あの (あの)	that ~ over there	N5 vocabulary N5-M01-L02
どの (どの)	which ~	N5 vocabulary N5-M01-L02
ここ (ここ)	here	N5 vocabulary N5-M01-L02
そこ (そこ)	there	N5 vocabulary N5-M01-L02
あそこ (あそこ)	over there	N5 vocabulary N5-M01-L02
どこ (どこ)	where	N5 vocabulary N5-M01-L02
食べる (たべる)	to eat	N5 vocabulary N5-M01-L03
起きる (おきる)	to wake up / to get up	N5 vocabulary N5-M01-L03
寝る (ねる)	to sleep / to go to bed	N5 vocabulary N5-M01-L03
見る (みる)	to see / to watch	N5 vocabulary N5-M01-L03
着る (きる)	to wear (upper body)	N5 vocabulary N5-M01-L03
教える (おしえる)	to teach / to tell	N5 vocabulary N5-M01-L03
出る (でる)	to leave / to exit	N5 vocabulary N5-M01-L03
覚える (おぼえる)	to memorize / to remember	N5 vocabulary N5-M01-L03
飲む (のむ)	to drink	N5 vocabulary N5-M01-L03
書く (かく)	to write	N5 vocabulary N5-M01-L03
読む (よむ)	to read	N5 vocabulary N5-M01-L03
話す (はなす)	to speak / to talk	N5 vocabulary N5-M01-L03
聞く (きく)	to listen / to hear / to ask	N5 vocabulary N5-M01-L03
行く (いく)	to go	N5 vocabulary N5-M01-L03
来る (くる)	to come (irregular — Group 3)	N5 vocabulary N5-M01-L03
帰る (かえる)	to return / to go home	N5 vocabulary N5-M01-L03
買う (かう)	to buy	N5 vocabulary N5-M01-L03
待つ (まつ)	to wait	N5 vocabulary N5-M01-L03
乗る (のる)	to ride / to board	N5 vocabulary N5-M01-L03
分かる (わかる)	to understand	N5 vocabulary N5-M01-L03
する (する)	to do	N5 vocabulary N5-M01-L03
来る (くる)	to come	N5 vocabulary N5-M01-L03
勉強する (べんきょうする)	to study	N5 vocabulary N5-M01-L03
仕事する (しごとする)	to work	N5 vocabulary N5-M01-L03
毎日 (まいにち)	every day	N5 vocabulary N5-M01-L03
毎朝 (まいあさ)	every morning	N5 vocabulary N5-M01-L03
毎晩 (まいばん)	every evening/night	N5 vocabulary N5-M01-L03
いつも (いつも)	always	N5 vocabulary N5-M01-L03
よく (よく)	often	N5 vocabulary N5-M01-L03
時々 (ときどき)	sometimes	N5 vocabulary N5-M01-L03
たまに (たまに)	occasionally	N5 vocabulary N5-M01-L03
あまり (あまり)	not very much (+ negative)	N5 vocabulary N5-M01-L03
全然 (ぜんぜん)	not at all (+ negative)	N5 vocabulary N5-M01-L03
誰 (だれ)	who	N5 vocabulary N5-M01-L04
何 (なに／なん)	what	N5 vocabulary N5-M01-L04
どこ (どこ)	where	N5 vocabulary N5-M01-L04
いつ (いつ)	when	N5 vocabulary N5-M01-L04
好き (すき)	like (な-adj)	N5 vocabulary N5-M01-L04
嫌い (きらい)	dislike (な-adj)	N5 vocabulary N5-M01-L04
上手 (じょうず)	good at (な-adj)	N5 vocabulary N5-M01-L04
下手 (へた)	bad at (な-adj)	N5 vocabulary N5-M01-L04
得意 (とくい)	strong point / good at	N5 vocabulary N5-M01-L04
苦手 (にがて)	weak point / not good at	N5 vocabulary N5-M01-L04
猫 (ねこ)	cat	N5 vocabulary N5-M01-L04
犬 (いぬ)	dog	N5 vocabulary N5-M01-L04
花 (はな)	flower	N5 vocabulary N5-M01-L04
空 (そら)	sky	N5 vocabulary N5-M01-L04
雨 (あめ)	rain	N5 vocabulary N5-M01-L04
大きい (おおきい)	big	N5 vocabulary N5-M01-L05
小さい (ちいさい)	small	N5 vocabulary N5-M01-L05
高い (たかい)	tall / expensive	N5 vocabulary N5-M01-L05
安い (やすい)	cheap	N5 vocabulary N5-M01-L05
低い (ひくい)	low / short (height)	N5 vocabulary N5-M01-L05
長い (ながい)	long	N5 vocabulary N5-M01-L05
短い (みじかい)	short (length)	N5 vocabulary N5-M01-L05
速い (はやい)	fast	N5 vocabulary N5-M01-L05
遅い (おそい)	slow / late	N5 vocabulary N5-M01-L05
暑い (あつい)	hot (weather)	N5 vocabulary N5-M01-L05
寒い (さむい)	cold (weather)	N5 vocabulary N5-M01-L05
熱い (あつい)	hot (to touch)	N5 vocabulary N5-M01-L05
冷たい (つめたい)	cold (to touch)	N5 vocabulary N5-M01-L05
新しい (あたらしい)	new	N5 vocabulary N5-M01-L05
古い (ふるい)	old (objects)	N5 vocabulary N5-M01-L05
良い／いい (よい／いい)	good	N5 vocabulary N5-M01-L05
悪い (わるい)	bad	N5 vocabulary N5-M01-L05
難しい (むずかしい)	difficult	N5 vocabulary N5-M01-L05
易しい (やさしい)	easy	N5 vocabulary N5-M01-L05
面白い (おもしろい)	interesting / funny	N5 vocabulary N5-M01-L05
つまらない (つまらない)	boring	N5 vocabulary N5-M01-L05
忙しい (いそがしい)	busy	N5 vocabulary N5-M01-L05
楽しい (たのしい)	fun / enjoyable	N5 vocabulary N5-M01-L05
美味しい (おいしい)	delicious	N5 vocabulary N5-M01-L05
まずい (まずい)	bad-tasting	N5 vocabulary N5-M01-L05
起きる (おきる)	to wake up	N5 vocabulary N5-M02-L01
顔を洗う (かおをあらう)	to wash one's face	N5 vocabulary N5-M02-L01
歯を磨く (はをみがく)	to brush one's teeth	N5 vocabulary N5-M02-L01
着替える (きがえる)	to change clothes	N5 vocabulary N5-M02-L01
出かける (でかける)	to go out	N5 vocabulary N5-M02-L01
戻る (もどる)	to return / to come back	N5 vocabulary N5-M02-L01
片付ける (かたづける)	to clean up / to put away	N5 vocabulary N5-M02-L01
休む (やすむ)	to rest / to take a break	N5 vocabulary N5-M02-L01
楽しむ (たのしむ)	to enjoy	N5 vocabulary N5-M02-L01
過ごす (すごす)	to spend (time)	N5 vocabulary N5-M02-L01
それから (それから)	and then / after that	N5 vocabulary N5-M02-L01
でも (でも)	but / however	N5 vocabulary N5-M02-L01
だから (だから)	so / therefore	N5 vocabulary N5-M02-L01
そして (そして)	and (then) / moreover	N5 vocabulary N5-M02-L01
ところで (ところで)	by the way	N5 vocabulary N5-M02-L01
天気 (てんき)	weather	N5 vocabulary N5-M02-L02
晴れ (はれ)	sunny / clear	N5 vocabulary N5-M02-L02
曇り (くもり)	cloudy	N5 vocabulary N5-M02-L02
雨 (あめ)	rain	N5 vocabulary N5-M02-L02
雪 (ゆき)	snow	N5 vocabulary N5-M02-L02
風 (かぜ)	wind	N5 vocabulary N5-M02-L02
台風 (たいふう)	typhoon	N5 vocabulary N5-M02-L02
梅雨 (つゆ)	rainy season	N5 vocabulary N5-M02-L02
気温 (きおん)	air temperature	N5 vocabulary N5-M02-L02
湿気 (しっけ)	humidity	N5 vocabulary N5-M02-L02
暖かい (あたたかい)	warm	N5 vocabulary N5-M02-L02
涼しい (すずしい)	cool	N5 vocabulary N5-M02-L02
蒸し暑い (むしあつい)	hot and humid	N5 vocabulary N5-M02-L02
肌寒い (はださむい)	chilly	N5 vocabulary N5-M02-L02
降る (ふる)	to fall (rain/snow)	N5 vocabulary N5-M02-L02
春 (はる)	spring	N5 vocabulary N5-M02-L02
夏 (なつ)	summer	N5 vocabulary N5-M02-L02
秋 (あき)	autumn	N5 vocabulary N5-M02-L02
冬 (ふゆ)	winter	N5 vocabulary N5-M02-L02
季節 (きせつ)	season	N5 vocabulary N5-M02-L02
頭 (あたま)	head	N5 vocabulary N5-M02-L03
顔 (かお)	face	N5 vocabulary N5-M02-L03
目 (め)	eye	N5 vocabulary N5-M02-L03
耳 (みみ)	ear	N5 vocabulary N5-M02-L03
鼻 (はな)	nose	N5 vocabulary N5-M02-L03
口 (くち)	mouth	N5 vocabulary N5-M02-L03
歯 (は)	tooth	N5 vocabulary N5-M02-L03
喉 (のど)	throat	N5 vocabulary N5-M02-L03
肩 (かた)	shoulder	N5 vocabulary N5-M02-L03
胸 (むね)	chest	N5 vocabulary N5-M02-L03
お腹 (おなか)	stomach / belly	N5 vocabulary N5-M02-L03
背中 (せなか)	back	N5 vocabulary N5-M02-L03
腕 (うで)	arm	N5 vocabulary N5-M02-L03
手 (て)	hand	N5 vocabulary N5-M02-L03
足 (あし)	leg / foot	N5 vocabulary N5-M02-L03
風邪 (かぜ)	cold (illness)	N5 vocabulary N5-M02-L03
熱 (ねつ)	fever	N5 vocabulary N5-M02-L03
咳 (せき)	cough	N5 vocabulary N5-M02-L03
鼻水 (はなみず)	runny nose	N5 vocabulary N5-M02-L03
吐き気 (はきけ)	nausea	N5 vocabulary N5-M02-L03
痛い (いたい)	painful / it hurts	N5 vocabulary N5-M02-L03
かゆい (かゆい)	itchy	N5 vocabulary N5-M02-L03
だるい (だるい)	fatigued / heavy-limbed	N5 vocabulary N5-M02-L03
病気 (びょうき)	illness / sickness	N5 vocabulary N5-M02-L03
薬 (くすり)	medicine	N5 vocabulary N5-M02-L03
シャツ (シャツ)	shirt	N5 vocabulary N5-M02-L04
ズボン (ズボン)	trousers / pants	N5 vocabulary N5-M02-L04
スカート (スカート)	skirt	N5 vocabulary N5-M02-L04
ジャケット (ジャケット)	jacket	N5 vocabulary N5-M02-L04
コート (コート)	coat	N5 vocabulary N5-M02-L04
制服 (せいふく)	uniform	N5 vocabulary N5-M02-L04
眼鏡 (めがね)	glasses	N5 vocabulary N5-M02-L04
帽子 (ぼうし)	hat / cap	N5 vocabulary N5-M02-L04
鞄 (かばん)	bag	N5 vocabulary N5-M02-L04
財布 (さいふ)	wallet	N5 vocabulary N5-M02-L04
背が高い (せがたかい)	tall (person)	N5 vocabulary N5-M02-L04
背が低い (せがひくい)	short (person)	N5 vocabulary N5-M02-L04
太っている (ふとっている)	overweight / chubby	N5 vocabulary N5-M02-L04
痩せている (やせている)	thin / slim	N5 vocabulary N5-M02-L04
若い (わかい)	young	N5 vocabulary N5-M02-L04
髪が長い (かみがながい)	has long hair	N5 vocabulary N5-M02-L04
髪が短い (かみがみじかい)	has short hair	N5 vocabulary N5-M02-L04
髪が黒い (かみがくろい)	has black hair	N5 vocabulary N5-M02-L04
かっこいい (かっこいい)	cool-looking / handsome	N5 vocabulary N5-M02-L04
かわいい (かわいい)	cute	N5 vocabulary N5-M02-L04
玄関 (げんかん)	entryway / entrance hall	N5 vocabulary N5-M02-L05
リビング (リビング)	living room	N5 vocabulary N5-M02-L05
台所 (だいどころ)	kitchen	N5 vocabulary N5-M02-L05
寝室 (しんしつ)	bedroom	N5 vocabulary N5-M02-L05
洗面所 (せんめんじょ)	washroom	N5 vocabulary N5-M02-L05
お風呂 (おふろ)	bath	N5 vocabulary N5-M02-L05
トイレ (トイレ)	toilet	N5 vocabulary N5-M02-L05
廊下 (ろうか)	corridor / hallway	N5 vocabulary N5-M02-L05
階段 (かいだん)	stairs	N5 vocabulary N5-M02-L05
バルコニー (バルコニー)	balcony	N5 vocabulary N5-M02-L05
家賃 (やちん)	rent	N5 vocabulary N5-M02-L05
敷金 (しきん)	security deposit	N5 vocabulary N5-M02-L05
礼金 (れいきん)	key money	N5 vocabulary N5-M02-L05
管理費 (かんりひ)	management fee	N5 vocabulary N5-M02-L05
ワンルーム (ワンルーム)	studio apartment	N5 vocabulary N5-M02-L05
1K (いっけい)	1 room + kitchen	N5 vocabulary N5-M02-L05
1LDK (いちエルディーケー)	1 room + living/dining/kitchen	N5 vocabulary N5-M02-L05
築〜年 (ちく〜ねん)	built ~ years ago	N5 vocabulary N5-M02-L05
駅徒歩〜分 (えきとほ〜ふん)	~ min walk from station	N5 vocabulary N5-M02-L05
ペット可 (ペットか)	pets allowed	N5 vocabulary N5-M02-L05
授業 (じゅぎょう)	class / lecture	N5 vocabulary N5-M02-L06
講義 (こうぎ)	lecture (university level)	N5 vocabulary N5-M02-L06
ゼミ (ゼミ)	seminar (small group)	N5 vocabulary N5-M02-L06
課題 (かだい)	assignment / task	N5 vocabulary N5-M02-L06
レポート (レポート)	report / paper	N5 vocabulary N5-M02-L06
試験 (しけん)	examination	N5 vocabulary N5-M02-L06
成績 (せいせき)	grades / results	N5 vocabulary N5-M02-L06
単位 (たんい)	credit (academic)	N5 vocabulary N5-M02-L06
留学生 (りゅうがくせい)	international student	N5 vocabulary N5-M02-L06
奨学金 (しょうがくきん)	scholarship	N5 vocabulary N5-M02-L06
専攻 (せんこう)	major / specialization	N5 vocabulary N5-M02-L06
必修 (ひっしゅう)	required course	N5 vocabulary N5-M02-L06
選択 (せんたく)	elective course	N5 vocabulary N5-M02-L06
図書館 (としょかん)	library	N5 vocabulary N5-M02-L06
学生証 (がくせいしょう)	student ID card	N5 vocabulary N5-M02-L06
趣味 (しゅみ)	hobby	N5 vocabulary N5-M02-L07
アニメ (アニメ)	anime	N5 vocabulary N5-M02-L07
漫画 (まんが)	manga	N5 vocabulary N5-M02-L07
ゲーム (ゲーム)	game (video/board)	N5 vocabulary N5-M02-L07
音楽 (おんがく)	music	N5 vocabulary N5-M02-L07
映画 (えいが)	movie	N5 vocabulary N5-M02-L07
旅行 (りょこう)	travel	N5 vocabulary N5-M02-L07
料理 (りょうり)	cooking	N5 vocabulary N5-M02-L07
写真 (しゃしん)	photography / photo	N5 vocabulary N5-M02-L07
絵を描く (えをかく)	to draw / paint	N5 vocabulary N5-M02-L07
楽器 (がっき)	musical instrument	N5 vocabulary N5-M02-L07
弾く (ひく)	to play (stringed/keyboard)	N5 vocabulary N5-M02-L07
吹く (ふく)	to play (wind instrument)	N5 vocabulary N5-M02-L07
ジャンル (ジャンル)	genre	N5 vocabulary N5-M02-L07
お気に入り (おきにいり)	favorite	N5 vocabulary N5-M02-L07
スポーツ (スポーツ)	sports	N5 vocabulary N5-M02-L08
運動 (うんどう)	exercise	N5 vocabulary N5-M02-L08
サッカー (サッカー)	soccer / football	N5 vocabulary N5-M02-L08
野球 (やきゅう)	baseball	N5 vocabulary N5-M02-L08
バスケ (バスケ)	basketball	N5 vocabulary N5-M02-L08
テニス (テニス)	tennis	N5 vocabulary N5-M02-L08
水泳 (すいえい)	swimming	N5 vocabulary N5-M02-L08
ジョギング (ジョギング)	jogging	N5 vocabulary N5-M02-L08
ヨガ (ヨガ)	yoga	N5 vocabulary N5-M02-L08
ジム (ジム)	gym	N5 vocabulary N5-M02-L08
試合 (しあい)	match / game	N5 vocabulary N5-M02-L08
練習 (れんしゅう)	practice	N5 vocabulary N5-M02-L08
応援する (おうえんする)	to cheer for / to support	N5 vocabulary N5-M02-L08
勝つ (かつ)	to win	N5 vocabulary N5-M02-L08
負ける (まける)	to lose	N5 vocabulary N5-M02-L08
市役所 (しやくしょ)	city hall	N5 vocabulary N5-M02-L09
交番 (こうばん)	police box	N5 vocabulary N5-M02-L09
消防署 (しょうぼうしょ)	fire station	N5 vocabulary N5-M02-L09
区役所 (くやくしょ)	ward office	N5 vocabulary N5-M02-L09
商店街 (しょうてんがい)	shopping street	N5 vocabulary N5-M02-L09
繁華街 (はんかがい)	downtown / busy district	N5 vocabulary N5-M02-L09
住宅街 (じゅうたくがい)	residential area	N5 vocabulary N5-M02-L09
広場 (ひろば)	plaza / square	N5 vocabulary N5-M02-L09
横断歩道 (おうだんほどう)	pedestrian crossing / crosswalk	N5 vocabulary N5-M02-L09
歩道 (ほどう)	sidewalk / footpath	N5 vocabulary N5-M02-L09
車道 (しゃどう)	road / carriageway	N5 vocabulary N5-M02-L09
近所 (きんじょ)	neighborhood	N5 vocabulary N5-M02-L09
住む (すむ)	to live / reside	N5 vocabulary N5-M02-L09
引っ越す (ひっこす)	to move (residence)	N5 vocabulary N5-M02-L09
慣れる (なれる)	to get used to	N5 vocabulary N5-M02-L09
マナー (マナー)	manners	N5 vocabulary N5-M02-L10
礼儀 (れいぎ)	etiquette / courtesy	N5 vocabulary N5-M02-L10
お辞儀 (おじぎ)	bowing	N5 vocabulary N5-M02-L10
挨拶 (あいさつ)	greeting	N5 vocabulary N5-M02-L10
いただきます (いただきます)	said before eating	N5 vocabulary N5-M02-L10
ごちそうさまでした (ごちそうさまでした)	said after eating	N5 vocabulary N5-M02-L10
お邪魔します (おじゃまします)	"excuse me for intruding" (entering someone's home)	N5 vocabulary N5-M02-L10
お先に失礼します (おさきにしつれいします)	"excuse me for leaving first" (workplace)	N5 vocabulary N5-M02-L10
お疲れ様でした (おつかれさまでした)	"good work / thank you for your hard work"	N5 vocabulary N5-M02-L10
遠慮する (えんりょする)	to refrain / to hold back (out of politeness)	N5 vocabulary N5-M02-L10
気を使う (きをつかう)	to be considerate / to be attentive	N5 vocabulary N5-M02-L10
迷惑 (めいわく)	nuisance / bother	N5 vocabulary N5-M02-L10
恥ずかしい (はずかしい)	embarrassing / shy	N5 vocabulary N5-M02-L10
謙遜 (けんそん)	modesty / humility	N5 vocabulary N5-M02-L10
本音 (ほんね)	true feelings / real intention	N5 vocabulary N5-M02-L10
条件 (じょうけん)	condition	N5 vocabulary N5-M03-L01
仮定 (かてい)	hypothesis / assumption	N5 vocabulary N5-M03-L01
もし (もし)	if (hypothetical)	N5 vocabulary N5-M03-L01
後悔 (こうかい)	regret	N5 vocabulary N5-M03-L01
〜ばよかった (〜ばよかった)	I should have ~	N5 vocabulary N5-M03-L01
解決する (かいけつする)	to resolve / to solve	N5 vocabulary N5-M03-L01
問題 (もんだい)	problem	N5 vocabulary N5-M03-L01
うまくいく (うまくいく)	to go well	N5 vocabulary N5-M03-L01
失敗 (しっぱい)	failure	N5 vocabulary N5-M03-L01
成功 (せいこう)	success	N5 vocabulary N5-M03-L01
それなら (それなら)	if that's the case	N5 vocabulary N5-M03-L02
だったら (だったら)	if that's so (casual)	N5 vocabulary N5-M03-L02
場合によって (ばあいによって)	depending on the case	N5 vocabulary N5-M03-L02
特に (とくに)	especially / particularly	N5 vocabulary N5-M03-L02
おすすめ (おすすめ)	recommendation	N5 vocabulary N5-M03-L02
〜のであれば (〜のであれば)	if it is the case that ~ (formal)	N5 vocabulary N5-M03-L02
相談 (そうだん)	consultation	N5 vocabulary N5-M03-L02
提案 (ていあん)	proposal / suggestion	N5 vocabulary N5-M03-L02
選ぶ (えらぶ)	to choose	N5 vocabulary N5-M03-L02
判断する (はんだんする)	to judge / to decide	N5 vocabulary N5-M03-L02
条件 (じょうけん)	condition	N5 vocabulary N5-M04-L01
仮定 (かてい)	hypothesis / assumption	N5 vocabulary N5-M04-L01
もし (もし)	if (hypothetical)	N5 vocabulary N5-M04-L01
後悔 (こうかい)	regret	N5 vocabulary N5-M04-L01
〜ばよかった (〜ばよかった)	I should have ~	N5 vocabulary N5-M04-L01
解決する (かいけつする)	to resolve / to solve	N5 vocabulary N5-M04-L01
問題 (もんだい)	problem	N5 vocabulary N5-M04-L01
うまくいく (うまくいく)	to go well	N5 vocabulary N5-M04-L01
失敗 (しっぱい)	failure	N5 vocabulary N5-M04-L01
成功 (せいこう)	success	N5 vocabulary N5-M04-L01
それなら (それなら)	if that's the case	N5 vocabulary N5-M04-L02
だったら (だったら)	if that's so (casual)	N5 vocabulary N5-M04-L02
場合によって (ばあいによって)	depending on the case	N5 vocabulary N5-M04-L02
特に (とくに)	especially / particularly	N5 vocabulary N5-M04-L02
おすすめ (おすすめ)	recommendation	N5 vocabulary N5-M04-L02
〜のであれば (〜のであれば)	if it is the case that ~ (formal)	N5 vocabulary N5-M04-L02
相談 (そうだん)	consultation	N5 vocabulary N5-M04-L02
提案 (ていあん)	proposal / suggestion	N5 vocabulary N5-M04-L02
選ぶ (えらぶ)	to choose	N5 vocabulary N5-M04-L02
判断する (はんだんする)	to judge / to decide	N5 vocabulary N5-M04-L02
